Workbook

Sheet Assumptions
A1: Dev Cost Estimate — Assumptions (жёлтое — редактируемо)
A3: Effective AI-first дней в месяце на 1 разработчика | B3: 20 | C3: дней
A4: Дневная ставка AI-first разработчика (S1/S2, включая AI-инструменты) | B4: 220 | C4: USD/день, ориентир на РФ/СНГ remote-рынок 2026
A5: Дневная ставка для S3 (команда, средневзвешенная по ролям) | B5: 200 | C5: USD/день
A6: Множитель скорости S1 (соло) | B6: 1 | C6: x
A7: Множитель скорости S2 (2 разработчика) | B7: 1.6 | C7: x
A8: Множитель скорости S3 (команда 4-5 чел.) | B8: 2.8 | C8: x
A9: Кол-во кодящих FTE в S3 | B9: 2.8 | C9: FTE-эквивалент, см. 08-roadmap.md

Sheet Modules
A1: Смета по модулям (AI-дни, соло-эквивалент) — источник: 08-roadmap.md §8.2
A3: Модуль | B3: Мин. (AI-дни) | C3: Реалистично (AI-дни) | D3: Пессимистично (AI-дни) | E3: Мин. (USD, S1) | F3: Реалистично (USD, S1) | G3: Пессимистично (USD, S1)
A4: Инфраструктура проекта (monorepo, CI/CD, окружения) | B4: 2 | C4: 4 | D4: 7 | E4: =B4*Assumptions!$B$4 | F4: =C4*Assumptions!$B$4 | G4: =D4*Assumptions!$B$4
A5: Auth (Telegram initData + опц. web OTP) | B5: 2 | C5: 4 | D5: 8 | E5: =B5*Assumptions!$B$4 | F5: =C5*Assumptions!$B$4 | G5: =D5*Assumptions!$B$4
A6: Wallet & Billing ledger (hold/commit/refund, idempotency) | B6: 3 | C6: 6 | D6: 12 | E6: =B6*Assumptions!$B$4 | F6: =C6*Assumptions!$B$4 | G6: =D6*Assumptions!$B$4
A7: Платёжная интеграция (Midtrans/Xendit, QRIS, e-wallets) | B7: 3 | C7: 6 | D7: 12 | E7: =B7*Assumptions!$B$4 | F7: =C7*Assumptions!$B$4 | G7: =D7*Assumptions!$B$4
A8: Model Registry / Catalog | B8: 1 | C8: 3 | D8: 5 | E8: =B8*Assumptions!$B$4 | F8: =C8*Assumptions!$B$4 | G8: =D8*Assumptions!$B$4
A9: AI Gateway (унифицированный клиент, ретраи, фолбэк, cost logging) | B9: 4 | C9: 8 | D9: 15 | E9: =B9*Assumptions!$B$4 | F9: =C9*Assumptions!$B$4 | G9: =D9*Assumptions!$B$4
A10: Generation API + Queue + Workers (image) | B10: 3 | C10: 6 | D10: 10 | E10: =B10*Assumptions!$B$4 | F10: =C10*Assumptions!$B$4 | G10: =D10*Assumptions!$B$4
A11: Generation API + Queue + Workers (video) | B11: 5 | C11: 10 | D11: 18 | E11: =B11*Assumptions!$B$4 | F11: =C11*Assumptions!$B$4 | G11: =D11*Assumptions!$B$4
A12: Generation (audio/voice) | B12: 2 | C12: 4 | D12: 8 | E12: =B12*Assumptions!$B$4 | F12: =C12*Assumptions!$B$4 | G12: =D12*Assumptions!$B$4
A13: Чат/LLM интеграция (мультимодельный чат) | B13: 2 | C13: 5 | D13: 9 | E13: =B13*Assumptions!$B$4 | F13: =C13*Assumptions!$B$4 | G13: =D13*Assumptions!$B$4
A14: Telegram Mini App (UI, генерация, история, баланс) | B14: 5 | C14: 10 | D14: 18 | E14: =B14*Assumptions!$B$4 | F14: =C14*Assumptions!$B$4 | G14: =D14*Assumptions!$B$4
A15: Telegram Bot (команды, уведомления, webhook) | B15: 2 | C15: 4 | D15: 7 | E15: =B15*Assumptions!$B$4 | F15: =C15*Assumptions!$B$4 | G15: =D15*Assumptions!$B$4
... A23: QA / нагрузочное тестирование / security review | B23: 2 | C23: 5 | D23: 9 | E23: =B23*Assumptions!$B$4 | F23: =C23*Assumptions!$B$4 | G23: =D23*Assumptions!$B$4
A24: ИТОГО | B24: =SUM(B4:B23) | C24: =SUM(C4:C23) | D24: =SUM(D4:D23) | E24: =SUM(E4:E23) | F24: =SUM(F4:F23) | G24: =SUM(G4:G23)

Sheet Team Scenarios
A1: Пересчёт на команды и календарные сроки
A3: Сценарий | B3: Множитель скорости | C3: Мин. (мес.) | D3: Реалистично (мес.) | E3: Пессимистично (мес.) | F3: Мин. (USD) | G3: Реалистично (USD) | H3: Пессимистично (USD)
A4: S1 — 1 разработчик | B4: =Assumptions!$B$6 | C4: =(Modules!$B$24)/(Assumptions!$B$3*Assumptions!$B$6) | D4: =(Modules!$C$24)/(Assumptions!$B$3*Assumptions!$B$6) | E4: =(Modules!$D$24)/(Assumptions!$B$3*Assumptions!$B$6) | F4: =(Modules!$B$24)*(Assumptions!$B$4) | G4: =(Modules!$C$24)*(Assumptions!$B$4) | H4: =(Modules!$D$24)*(Assumptions!$B$4)
A5: S2 — 2 разработчика | B5: =Assumptions!$B$7 | C5: =(Modules!$B$24)/(Assumptions!$B$3*Assumptions!$B$7) | D5: =(Modules!$C$24)/(Assumptions!$B$3*Assumptions!$B$7) | E5: =(Modules!$D$24)/(Assumptions!$B$3*Assumptions!$B$7) | F5: =(Modules!$B$24)*(Assumptions!$B$4) | G5: =(Modules!$C$24)*(Assumptions!$B$4) | H5: =(Modules!$D$24)*(Assumptions!$B$4)
A6: S3 — команда 4-5 чел. | B6: =Assumptions!$B$8 | C6: =(Modules!$B$24)/(Assumptions!$B$3*Assumptions!$B$8) | D6: =(Modules!$C$24)/(Assumptions!$B$3*Assumptions!$B$8) | E6: =(Modules!$D$24)/(Assumptions!$B$3*Assumptions!$B$8) | F6: =(Modules!$B$24)*(Assumptions!$B$5) | G6: =(Modules!$C$24)*(Assumptions!$B$5) | H6: =(Modules!$D$24)*(Assumptions!$B$5)
A8: Методология оценки дней/модуль — см. docs/due-diligence/syntx/08-roadmap.md §8.1-8.2 (откалибровано по истории коммитов этого репозитория).
